Value,F1,F2,F3,Alpha,Portfolio
TotalReturn,0.07993902853336098,0.02671083578339058,-0.016317187182355634,0.04644303819357654,0.10532667972875136
Return Attribution,0.06517280614688026,0.00017358190287437841,-0.007578621692838669,0.047558913371835376,0.10532667972875136
Vol Attribution,0.005012796084655262,-9.192566178651362e-06,0.0017847245024119537,0.005445186530229749,0.012233514551118313
