Value,x1,x2,x3,Portfolio
TotalReturn,-0.22144565076766212,-0.016007530584304604,0.3014669628417682,0.08109828007372465
Return Attribution,-0.06551252231430582,-0.0022198053213672176,0.1488306077093976,0.08109828007372465
Vol Attribution,-0.0006202226315012783,0.0028271044354660334,0.0125798175449609,0.01478669934892564
